Metric,Unit,VM,Container,Difference
CPU Performance,events/sec,608.0550,624.9875,2.78%
Memory Usage,MiB,10240,10240,N/A
Sequential Read,MiB/s,596,N/A,N/A
Sequential Write,MiB/s,118,141,19.49%
Random Read,IOPS,2457,2356,-4.11%
Random Write,IOPS,2286,N/A,N/A
Network Throughput,Gbits/sec,13.2,N/A,N/A
Startup Time,seconds,N/A,0.898,N/A
API Requests/sec (Health),req/sec,455.58,269.96,-40.74%
API Requests/sec (Compute),req/sec,9.58,6.82,-28.81%
API Latency (Health),ms,219.499,370.419,68.76%
API Latency (Compute),ms,1044.117,1467.165,40.52%
